{
    "buy_threshold": 0.6513445377349854,
    "sell_threshold": 0.422280877828598,
    "expected_win_rate": 0.6870503597122302,
    "market_exposure": 0.5932114102507678
}